ID,Value

0,24.48089








































































































































1,7.711113








2,15.0522
















































































3,13.72292
4,10.74024

5,12.97104
6,14.01323
7,29.76505

8,16.43983
9,19.10654
10,22.5187
11,25.69361

12,53.71169
13,24.33158
14,22.8581
15,25.12
16,57.88921

17,28.18503
18,23.89746
19,34.70513

20,8.843063
21,5.879964


22,6.464114
23,7.330572
24,7.963
25,8.773731
26,7.827643


27,17.54543

28,6.083119


















































29,6.574473


30,5.93715
31,17.91677

32,11.75568
33,14.34014
34,22.09524
35,91.58472

36,68.22704
37,54.06675
38,44.18063
39,31.85675
40,15.51287

41,6.848593

42,5.409489




































43,6.846128
44,6.085776
45,8.546331
46,8.710338

47,20.53384
48,12.48611
49,13.59468
50,31.92052

51,18.22923
52,19.89315
53,20.88423
54,43.97657



55,62.49899
56,18.77086
57,17.46014
58,15.89795
59,14.01988
60,12.82577
61,11.48025
62,9.918712


63,21.34081
64,7.971624




65,5.636422
66,14.48865



67,29.04795
68,11.65926
69,12.65041
70,13.65871
71,14.90013
72,33.00457

73,18.13801
74,18.8122

75,40.79914
76,22.34167
77,23.3752
78,24.60233
79,24.93364
80,48.84129

81,24.16883

82,46.3747
83,22.60483
84,23.20298
85,23.51638
86,22.70561
87,21.66127
88,22.25679
89,22.47406
90,21.07379
91,18.90103
92,16.96232


93,40.3305
94,9.121469

95,12.25128




96,7.23152

97,9.180397
98,23.53258

99,45.55456

100,18.24466
101,19.25255
102,19.69997
103,20.00052

104,39.66234
105,20.14306
106,21.03057
107,21.00538
108,20.07807
109,19.29134
110,18.95364
111,18.87631
112,18.48079


113,54.65646

114,35.90936
115,16.74747
116,16.49718
117,15.95861
118,15.25686
119,14.25363


120,37.70016
121,11.89912
122,11.76029
123,11.55993
124,11.56717
125,11.74425
126,12.04184
127,12.07725
128,12.00156


129,23.98404
130,24.44386
131,12.0269
132,11.75383
133,11.3753

134,20.79902



135,26.34853
136,14.49552
137,7.078652
138,5.473065

139,8.132272





140,10.85906
141,7.984815
142,10.67342
143,13.65304
144,17.39127

145,52.30804
146,39.0304


147,134.3722
148,62.84457
149,63.83333
150,56.25005

151,102.896
152,47.13621
153,41.79632
154,30.12883

155,21.86883
156,10.10571

157,7.804273

158,5.666703
159,6.194754
160,7.298807
161,8.11637


162,23.50263
163,6.965405
164,5.380683


























165,12.56328
166,9.735867
167,13.87267

168,19.02417
169,52.58882
170,37.34797
171,45.52369
172,52.65574

173,56.19428

174,97.0257
175,87.76436

176,76.25635
177,21.2835
178,18.18197

179,16.67535
180,13.56762
181,11.33533

182,16.69915
183,5.215806









184,7.809781
185,10.93549
186,6.470089

187,5.652122

188,8.912501
189,6.785633




190,7.767848








191,10.83661
192,27.15663
193,35.4641

194,43.74467
195,83.72938
196,45.89761
197,42.99614
198,43.50999

199,65.66059
200,19.22599

201,10.96139
202,5.701436






























203,10.36213
204,7.688114
205,10.14298

206,14.15453
207,36.64056
208,23.89862


209,56.73392
210,72.77112
211,43.48286

212,44.36969
213,43.14479
214,71.24952
215,37.99075
216,41.7843

217,66.07912
218,28.1696
219,24.46388

220,17.29518
221,10.33867
222,17.82927
223,10.05419



224,38.56895

225,15.5219


226,6.647593
227,6.229954



228,6.100642








































229,13.43155
230,20.50387
231,32.32354
232,39.87362
233,34.21861
234,31.47058
235,31.61467
236,26.86916
237,16.91341
238,8.281283

239,5.796797

240,10.76806




































































































ID,Value

0,144.5116

























1,9.621708
2,5.573334
3,6.560227

4,14.45741
5,6.916896
6,6.464258
7,6.230584


8,16.8965


9,8.136789

10,6.732625

11,5.796947






































































































12,119.0653
































































































13,8.046766
14,6.285147

15,19.5598
16,13.15819


17,49.33893
18,18.39488

19,36.86715

20,17.98767
21,32.6535
22,14.50927

23,12.63605
24,10.50634
25,8.716471
26,7.820367
27,10.44641






28,5.944012

29,10.15867
30,6.799852
31,7.456304
32,8.022648
33,17.22569
34,9.192044
35,9.562652
36,9.779082

37,10.02098
38,20.86538

39,11.22383
40,11.87668
41,25.1676
42,12.88397
43,12.85427

44,12.47906
45,23.93797

46,23.19162

47,10.85493
48,22.47587
49,11.59768
50,11.44826
51,11.29742

52,22.09575

53,21.56074

54,10.49458
55,21.68573
56,11.28121

57,11.19879
58,11.15705
59,21.99052
60,10.6354
61,9.914929

62,9.203173
63,15.43483

64,11.14753


65,8.240414









66,7.441374

67,8.559325




68,5.135827
69,5.48528
70,5.861865
71,6.158406

72,13.4193

73,15.63443
74,17.28465

75,8.863914
76,8.83779

77,18.118
78,19.907



79,50.34425

80,15.0038
81,16.06972
82,17.08749
83,17.87501
84,36.91778

85,18.70016
86,18.87476
87,18.54736
88,18.47042
89,18.22004
90,17.41561
91,16.14019
92,28.03547


93,24.50654

94,35.92049

95,11.95996
96,11.46558
97,10.32435
98,16.96278
99,7.075633

100,5.956659

101,6.415384







102,5.009971

103,13.8026
104,9.225239
105,10.45234
106,11.68512
107,12.90786
108,13.7553
109,14.55309
110,15.31544
111,15.73633

112,33.98079
113,18.63268
114,19.29956
115,20.07952
116,21.50805
117,47.29029


118,45.30968


119,55.52774
120,13.86296

121,20.95043
122,8.095914
123,6.925863
124,6.541696
125,6.875617

126,15.79668

127,16.33155
128,8.371004
129,8.467405
130,16.27318

131,7.595684
132,6.803299
133,5.841899

134,6.837201













































135,8.006392

136,6.458746
137,19.69216
138,13.66313

139,15.91279
140,38.45461
141,22.29631
142,23.34575
143,22.91178

144,21.67879
145,36.80673
146,15.26055
147,13.96808

148,13.23072
149,21.08912
150,7.850086
151,5.915602

152,7.757637








































153,5.299233















154,11.01314
155,7.754368

156,9.986247
157,26.55452

158,32.16177
159,17.9582

160,18.87221
161,37.73362


162,23.80943




163,5.574301



















































164,127.2943


















165,6.130828



166,12.17299
167,7.570398
168,8.407613
169,9.693348
170,10.75886

171,24.21006
172,13.41861
173,14.16326
174,14.42155
175,14.90274

176,29.66945
177,13.76552

178,24.62074
179,10.81418
180,9.788311
181,8.653941


182,8.154778

183,19.397


184,5.782636









185,11.61679

186,15.11066

187,8.901006
188,9.596279
189,9.995453

190,21.48241
191,10.57966
192,19.78415

193,19.04451

194,9.764293
195,9.869074

196,21.05301

197,21.24559
198,23.00005

199,12.49589
200,12.0281
201,11.79239
202,24.26628

203,22.67788

204,9.845924
205,18.02339
206,8.299503
207,7.202173

208,5.966793
209,8.159229






210,6.593102







211,11.01143




212,5.496263





213,5.623545































































214,9.620587

215,21.89532

216,13.57551
217,25.77188
218,10.1033

219,10.06273

220,18.66655








221,7.824973


222,14.6024
223,11.59239

224,14.01331
225,9.043393
226,10.04126

227,15.81848
228,7.243288
229,6.183922
230,6.022122

231,5.091777
232,10.40141


233,7.718348

234,15.9105

235,8.979774
236,13.05711
237,15.06744
238,22.7891
239,9.560071

240,10.85063
241,11.39758
242,10.71932

243,17.65562
244,8.80797
245,8.428456
246,16.92825

247,7.023441


248,12.85314

249,24.68147

250,9.913053
251,11.16555


252,7.049001

253,8.432482
254,5.404463









255,7.439289






256,9.604177

257,17.48201

258,27.92869

259,32.88903
260,19.34137

261,20.53213

262,7.872367
263,8.153827
264,15.82394

265,8.165389

266,27.99154

267,12.94228

268,6.053961
269,10.47912
270,9.196587


271,18.45798
272,14.48367




273,8.890518




274,8.281523

275,7.991347

276,11.6296
277,8.841301


278,5.621594
279,7.338666
280,10.42734



281,13.71648
282,16.40426
283,8.379491

284,14.36179
285,6.439444
286,22.11354

287,8.63052
288,5.447275


289,8.760783

290,5.982368











291,14.99703


292,5.314565
293,9.102194
294,31.29498
295,23.82897
296,30.56248

297,34.77645
298,33.6471
299,51.31003

300,11.75848
301,26.76135
302,12.07929
303,13.77851

304,15.39424
305,16.76582
306,10.46984
307,7.278533


308,11.79245
309,7.103297
310,6.971593



311,26.30944
312,19.75421

313,17.36796

314,31.58874



315,7.948046
316,21.23884
317,40.42713
318,12.46691

319,10.20128
320,34.90393
321,17.37231


322,11.62013

323,16.33797


324,10.0666
325,12.22709
326,9.03507
327,7.426181

328,5.356971
329,22.13562
330,6.141731

331,7.412233

332,5.553864



333,6.382533


334,6.651599


335,7.68619
336,5.475357

337,6.494057
338,7.715918





339,5.179588
340,17.73062

341,13.02805
342,19.43632
343,27.65018
344,10.16758




345,10.04382


346,15.36479
347,9.977934




348,8.118775




349,5.632584

350,5.155315




351,8.986145







352,8.38236



353,6.757751





354,5.273136
355,6.84697



356,8.20217









357,9.206467

358,6.179047
359,6.063696

360,8.984303




361,5.891719




362,5.58332




363,7.915461




364,5.283798



















365,7.057469















366,7.534126






367,5.197703





368,9.447027
369,6.194556
370,8.142879






371,6.521039

372,6.630373


373,6.155815












374,5.219013




375,14.97841

376,6.005228
377,5.374046





378,8.049167








379,5.94269




















380,7.809387









































381,6.718533
382,8.429936
383,10.33648
384,11.99599
385,13.274
386,14.47183
387,15.14605

388,28.90755
389,13.94155
390,14.64086
391,15.95708
392,17.24105
393,38.82905

394,19.43021
395,12.56132

396,5.879034
397,8.599148


398,5.574202







































































































































































































































































































































































399,378.8764

















































400,7.641768
401,5.849492
402,7.127805
403,8.367973
404,9.466695

405,21.37397
406,11.56913


407,24.41375
408,12.49148
409,25.6009

410,13.12876

411,40.45758
412,13.18349

413,12.87085
414,12.535
415,24.68176

416,24.72444

417,12.2783
418,24.40689
419,12.12903
420,11.96324

421,11.50041
422,20.48006


423,16.02254
424,11.70625


425,5.150115


















426,6.213756



427,8.826254



428,11.71254

429,6.65948
430,14.93153

431,8.289493
432,17.76866
433,9.65357

434,10.07965
435,21.08092

436,22.32793

437,11.6676
438,11.84485
439,22.98306
440,10.95272
441,10.35009

442,17.99698

443,7.763756
444,6.989014
445,6.475593
446,5.647122
447,9.825419




448,8.369803




449,8.726639







450,7.467968


451,10.9483


452,10.19898
453,6.399955
454,14.88565

455,7.833804

456,23.40805

457,7.695911
458,7.975749
459,8.222306
460,16.6517

461,9.131625

462,29.62652
463,10.60837
464,10.98425
465,11.00519
466,10.52631
467,9.605207
468,9.316365
469,9.243998

470,17.43217
471,8.006148
472,7.780619
473,7.654376
474,7.47931
475,7.178811
476,7.090851
477,7.040054
478,6.868176

479,13.17861
480,12.65052

481,6.016461
482,5.86811
483,5.74866
484,5.6507
485,5.606915
486,5.671027
487,5.551533

488,10.76087
489,5.2462
490,5.175199
491,5.237912
492,5.380045

493,11.14634
494,5.799152
495,5.803281
496,5.909795
497,6.07623

498,12.81092
499,6.863357
500,7.183133
501,7.419673
502,7.568068
503,7.891738
504,8.272029
505,8.670446
506,9.102095
507,9.317165

508,18.85228
509,9.285355
510,9.216353
511,8.971238
512,8.321053
513,7.373672
514,6.531774
515,5.834844
516,5.19753

517,8.661367








518,6.977502

519,5.551225
520,14.95116
521,9.137715
522,10.25478
523,10.83684

524,22.03858

525,21.93809

526,22.09315

527,22.57556

528,23.12149

529,23.33837
530,11.67957

531,11.64585

532,22.47712
533,20.59948

534,18.9023
535,8.984421
536,8.633553
537,8.269627

538,15.21475

539,14.66286
540,7.356387
541,7.357383
542,7.367939

543,14.87224
544,7.185437
545,7.060573

546,13.6047
547,6.473013
548,6.148116
549,5.975432
550,6.036188

551,12.14643
552,6.167257

553,12.72755
554,6.235056
555,5.851171
556,5.893438
557,5.79957

558,11.02989

559,9.626317





560,6.337196



561,5.296753














562,9.557189


563,10.5494
564,5.506655
565,5.760625
566,5.823514
567,6.153607

568,13.17339
569,7.0425

570,15.13942
571,7.930871

572,16.7902
573,8.621658
574,8.657276

575,17.09534

576,16.51396

577,8.070435
578,15.6737
579,7.472066
580,7.363185
581,7.074962
582,6.573105
583,5.944683

584,11.31073

585,5.45922
586,5.174444
587,9.905053

588,9.412656



589,8.628929

590,8.573163

591,8.704554

592,9.170204





593,10.48919

594,11.49445
595,6.004001
596,6.432546

597,13.95215
598,7.468269
599,7.638192

600,16.45587
601,8.751153
602,9.088067
603,9.35235
604,9.504473
605,9.542631

606,19.33766
607,9.663476

608,18.88837
609,9.347631

610,18.92542
611,9.471331
612,9.427611

613,18.72768
614,9.302312
615,9.241458

616,9.180436
617,9.070855
618,18.02874


619,18.1719
620,17.52946

621,16.19179

622,7.385357
623,13.57948
624,6.091007

625,10.49903

626,8.701616



627,6.562358

628,7.700831

629,10.3627

630,13.71398

631,16.93315

632,9.5898
633,10.09698

634,21.54065
635,20.88899

636,17.89127

637,7.88947
638,6.848284
639,5.963261
640,5.281697

641,8.399332































































































































































































ID,Value

0,322.2585





























































































































1,6.210475
2,5.081064
3,5.939289
4,6.732337
5,7.003263
6,7.294288
7,7.31059
8,7.242599
9,7.116396
10,6.853827
11,6.005668






12,6.936975


13,7.435507







14,7.514896















































15,280.7752















































































































































16,14.26964
17,5.819723

18,6.628513
19,6.935203
20,7.338358
21,7.748453

22,16.47149
23,8.970932
24,18.68983
25,9.428645

26,9.708942
27,9.735958

28,28.19294

29,9.069167

30,17.2094
31,8.093209
32,7.486681
33,6.905118
34,6.776029
35,12.23945

36,5.409511

37,9.514105
38,7.58901














39,7.879356






40,5.211301
41,5.457952
42,5.555699
43,5.547313
44,5.636928
45,5.7005
46,5.8611

47,11.84894
48,5.661932
49,5.554428
50,5.661152
51,5.692324
52,10.88003


53,10.26854



54,10.25092
55,6.10151
56,6.606462
57,13.38577

58,7.281492
59,7.858738
60,7.806171
61,7.399099
62,7.308799
63,7.180718
64,6.563469
65,5.942959
66,5.156958




67,5.160197























































































ID,Value


























































































































































































































































0,273.48








1,8.974079



2,13.38397



3,8.53866

4,6.195395



















5,10.31819


6,8.189392






7,9.786123
8,8.8387









9,7.285052





10,5.284667






























































































11,319.3563










































12,6.2632













































13,6.264926




14,7.576104
15,7.096045


16,10.35753





17,8.604733



18,12.37335


























































19,5.271317



20,23.41981

21,18.30872
22,10.17248
23,10.38811

24,21.18817

25,20.92588


26,20.1669
27,18.35004

28,16.28606
29,7.287999


30,18.88792


31,10.08862
32,8.679311





33,5.218926













34,5.96056





















































































































































35,378.2747
36,378.3515

























































































37,8.123028

38,5.041247
39,6.11711

40,21.91312

41,8.338515
42,8.648773
43,9.011677

44,18.93779
45,9.642058

46,18.90136
47,9.175817
48,17.98783

49,8.634012
50,8.361498
51,15.64343

52,7.317442
53,7.210252
54,6.952207
55,6.950823
56,6.66237
57,6.724048
58,6.72849
59,6.465248
60,6.179855



61,22.89862





















































































































































































































































































62,5.715046
63,6.505675
64,7.004528
65,7.515615
66,8.205768
67,8.9143
68,9.721678
69,22.4542

70,12.37764
71,12.94725

72,27.09682
73,26.39113

74,12.08957
75,10.73978

76,14.82261










77,6.46841
78,7.100275
79,9.520226
80,11.36104
81,12.65852
82,13.5085
83,14.00484
84,14.41922
85,14.47557
86,14.24434
87,13.87306

88,25.98076

89,22.35082
90,9.464873
91,8.63115
92,7.875197
93,7.703866
94,6.490495


95,11.56346





96,7.51078









97,5.322172
98,10.20039



99,9.86268






















100,5.452832

101,12.16417
102,11.8695

103,5.07726

104,12.71906







105,6.333662
106,7.44553

107,16.69353
108,9.667716
109,10.97289

110,26.22456
111,15.13402
112,16.16838

113,34.3705


114,48.83453
115,12.42686


116,17.48021

117,8.948762
118,8.259585
119,6.490321





120,5.11812
121,6.772443
122,7.714158
123,8.032566
124,7.149786



125,22.67355
126,15.2182
127,16.57504

128,36.1046

129,37.62497
130,19.38185

131,37.34503
132,17.05289
133,14.72582
134,12.59933

135,16.8679
136,6.650563
137,5.617652




138,8.084329




139,5.066284





















































































ID,Value

0,359.818























































































































1,10.23742

2,11.78415
3,5.997605
4,6.39184

5,6.531723
6,12.79028
7,6.189489

8,6.025965
9,5.903252
10,5.773682



11,22.02223
12,11.86703

13,10.56688





14,7.030066



































15,308.7402























































































































































































































16,10.35586

























































































17,7.220501














18,5.477046





















































































































































































































19,6.25234





20,23.89462
21,6.929267


22,13.91212
23,13.91055
24,6.969586




25,33.86213


26,20.0854
27,6.674863
28,6.571847




29,31.71836

30,6.181822
31,6.075595
32,11.63814
33,5.554127

34,10.00439



35,15.873

36,6.021282















37,9.58062
38,5.340978
39,5.597634

40,5.950044
41,12.84226
42,6.595037

43,6.551028
44,6.525847
45,6.621272
46,13.18241

47,6.319948
48,6.213977
49,6.264819
50,11.68593
51,5.672605

52,5.74482
53,10.46394



54,16.9993
55,11.85714

56,6.366945
57,6.544824
58,6.552819
59,6.738184
60,13.81133



61,28.43248
62,5.846673

63,5.688934
64,5.117614
65,8.252927




66,11.82777





































































































67,5.569092


68,8.842737
69,5.057463

70,5.463987
71,5.797169
72,12.39125




73,31.41854

74,6.240169
75,5.578032
76,5.020825

77,9.496223


78,12.28696





79,8.0167





80,23.71688




81,5.045647
82,5.257152
83,5.462566



84,22.41398
85,5.705276
86,5.706754
87,5.815324
88,11.62764

89,5.685156
90,5.583735


91,16.70112
92,5.46215
93,5.352599
94,10.61525

95,5.008855





96,16.46931

97,11.04626








98,12.32382





























99,10.73774

100,5.464918
101,5.394271
102,5.325375
103,5.334083
104,5.425238



105,21.58489
106,5.549521

107,11.24962
108,5.529194
109,5.591714
110,5.687836
111,5.674174


112,16.46828
113,5.175929
114,5.373657
115,5.420178
116,5.129065


117,5.015191


118,9.249347












119,16.76523










120,14.89741









121,10.12747

122,9.163955
123,5.173678
124,5.661282
125,6.015556
126,6.363601



127,29.13516
128,7.534584
129,7.404826
130,7.24116
131,7.241286
132,7.323024




133,36.04056

134,14.88285
135,7.417326
136,7.231473
137,7.367454

138,7.380693

139,20.77683
140,6.816146

141,13.64343
142,6.871998
143,7.164418
144,7.186239

145,13.86083

146,13.63755

147,6.698906
148,12.65031
149,6.012715
150,5.792739

151,5.682715
152,10.89271
153,5.019971



154,18.11018










155,11.63795










156,10.81044


157,7.454661


158,5.020189


159,11.31983
160,6.170808
161,13.08741

162,14.14159
163,7.336288
164,7.579945

165,15.87125


166,23.88623

167,16.17059
168,7.967249
169,7.953525

170,16.00568

171,8.03342



172,31.73872
173,15.63256
174,7.923685

175,7.689958
176,7.349733
177,7.123858



178,26.48227
179,12.55476
180,6.094616
181,5.603388

182,5.543071
183,11.53369



184,20.57313
185,8.675543





186,5.439799


187,8.018001











188,8.017287


189,5.113523
190,11.08233

191,6.075363



192,26.78914
193,6.990129
194,7.048028
195,7.124858
196,7.166232
197,7.188635
198,7.136016



199,27.59554
200,6.648736

201,13.10238
202,6.603517
203,6.639508
204,6.708682


205,20.45801
206,7.020598
207,6.975032
208,6.968412
209,7.085303
210,14.19378

211,7.098183
212,6.9803



213,24.98476
214,5.694983
215,5.470186
216,5.462946
217,5.373135
218,5.324231
219,5.137882



220,18.95676

221,8.438116

222,6.451573





223,6.613656

















224,7.77809



225,10.76183

226,5.860395
227,6.140476
228,6.38866
229,6.574463
230,6.724402


231,20.58921
232,7.022885
233,14.35866

234,7.451347
235,7.427382
236,7.56614
237,7.844673
238,7.907471



239,31.99633
240,7.70622
241,7.809555
242,8.004315
243,7.68488
244,15.53101

245,7.896765


246,22.24934
247,8.097216
248,7.535094
249,7.009208
250,7.186755
251,7.277726
252,7.134302
253,6.551716



254,23.31932










255,14.81424


256,5.102041

















257,7.022539





258,9.586612




259,20.3326
260,5.360357
261,5.515664
262,5.718025
263,5.810937
264,5.9047
265,6.053408



266,25.54859
267,6.706252
268,7.002891
269,7.253795

270,15.554
271,8.219099
272,8.486556



273,35.65234
274,8.789235
275,8.382442
276,8.029019
277,7.715201
278,7.4705
279,7.210943
280,6.92905



281,26.04915
282,5.813895

283,5.528938
284,10.43103




285,12.03481











286,9.81323

287,8.424644

288,11.33747
289,7.363438
290,8.654634


291,32.65884
292,13.71727

293,15.59506
294,37.55183
295,21.96936
296,23.37868
297,23.76979


298,59.68277
299,17.30951

300,14.21704
301,18.90171
302,6.177772

303,5.983965














304,9.539349




























































































































305,5.016675
306,6.016612
307,12.80146

308,15.74965

309,18.29699
310,9.751518


311,29.31661

312,19.45191
313,9.684596
314,9.697486

315,9.639474
316,9.607454
317,19.10723



318,28.32417
319,18.84053

320,9.294407
321,18.58554
322,9.148998




323,41.21167

324,6.902041
325,6.536826
326,11.09353

327,9.265541




328,12.26292








329,7.994793



330,5.148397







331,16.09437

332,5.235797
333,11.15183

334,5.959545
335,6.268851



336,25.2237

337,12.43286
338,5.998454
339,5.697168

340,11.21329




341,21.42791

342,7.067313







343,18.72669
344,5.637515
345,5.668872
346,5.69858
347,5.747371
348,5.921374

349,12.90453



350,36.99227
351,8.126372
352,8.2082
353,8.266011
354,8.132848

355,15.9061



356,22.55972
357,14.91154
358,7.507906
359,7.73697
360,7.873722
361,7.822456
362,7.836493



363,27.93561
364,11.0588





365,5.930861


366,5.606959






367,5.692553
368,6.313475


369,21.59223
370,8.25563
371,8.684069
372,8.890706
373,9.306557
374,9.683655
375,9.848391
376,9.883531
377,9.997722



378,40.12226
379,9.929057
380,10.07731
381,10.2822
382,10.33808
383,10.26108
384,10.26271
385,10.35013



386,31.21857
387,10.45926
388,20.79062
389,10.23176
390,10.26166

391,20.45646


392,29.11659

393,18.76796

394,18.07511

395,17.32478

396,8.396447


397,23.80329
398,7.537384
399,14.36994
400,6.811337

401,12.40751

402,10.48715



403,14.24376









404,5.452906
405,6.214121

406,8.115178


407,13.82151




408,19.25152


409,8.624286

410,7.688248


411,8.07408


412,5.123632
413,5.402532

414,11.30111
415,5.876062
416,5.668993



417,18.9774










418,97.41203
419,41.18338
420,79.74655
421,41.16216
422,39.35713
423,33.57424
424,25.5815




425,54.5511

























































































































426,11.9164
427,7.232697
428,8.70678

429,10.29794
430,24.69758
431,13.78617

432,15.64653
433,18.45612
434,21.00376


435,74.49007
436,27.75632
437,28.49394
438,56.94677

439,26.425
440,24.97918
441,48.71608




442,118.6637
443,19.90582
444,17.26874

445,14.98396
446,24.41645
447,9.625016



448,25.39017





449,5.588277











































450,6.67276




451,11.68678
452,6.891001

453,8.079262




454,52.95137
455,13.71413
456,15.03661
457,36.26083

458,22.39414
459,25.4603
460,28.20396



461,117.0551
462,34.11834

463,10.44988
464,7.79414
465,5.910333




466,14.51742






































































































































































































































467,5.783277
468,12.12716
469,15.84232

470,21.07952
471,50.87874
472,28.06116
473,26.12862



474,49.10545











475,19.4542

476,9.107003



477,5.235219
478,5.600757



479,24.7417
480,13.6452
481,6.751254
482,6.750109

483,6.456033




484,8.494823





























































































































































































485,5.663563




486,8.822481
487,5.077438
488,5.443871
489,5.772795


490,18.71187
491,5.992388

492,11.383
493,5.15962





494,7.868198







































495,5.138086




496,6.009437
497,7.397337
498,8.823378

499,22.23188




500,45.10621
501,20.1188
502,8.56817
503,8.189929
504,6.951647
505,5.521457






506,5.189551
507,6.097332
508,6.922602

509,15.96614
510,8.557676



511,28.75968
512,19.94057
513,9.501092
514,9.789183

515,10.07499
516,20.64466
517,10.77444


518,33.97662
519,12.15569
520,12.33937

521,12.56258
522,13.02418
523,27.31853
524,14.2961



525,55.89378
526,12.17453
527,11.20895

528,19.67045
529,8.568923
530,7.655777




531,30.43934

532,9.075883










533,5.257544




534,5.070222



535,24.8882
536,7.406345
537,16.20072
538,8.847171

539,9.346284
540,20.45574



541,43.67009
542,10.95199
543,22.26531

544,11.15985
545,10.96246
546,10.74189



547,39.63902
548,8.908356
549,8.651505
550,8.786981
551,9.203464
552,10.10063
553,11.2042



554,48.49239
555,25.24635

556,12.13588
557,11.68834
558,10.27944
559,9.579069



560,17.98552

561,7.026542

562,5.501503
563,6.35094
564,14.64136



565,32.25819
566,7.432882

567,6.580539
568,5.705637
569,5.244908





570,6.164114




















































































































































571,5.856795
572,14.71587

573,9.041995
574,8.691916
575,8.443168


576,28.88
577,10.14917
578,10.76381
579,10.74408
580,10.68335
581,10.75111
582,10.19698
583,9.039209




584,22.71673









585,10.32717







































































































































































































































































































































































































































































































































































































































ID,Value

0,371.1071





















































































































































1,343.4016

















































































































































































































































































































2,35.47553







3,40.01705










4,34.85685





5,33.71587




6,42.22755









7,47.53874

























































































8,35.78958









9,31.53109



10,41.57552







































































































































11,41.99062



12,54.21619




13,44.84619



























































































14,31.18593



15,33.09214


































16,46.4843





17,76.91902































































































































18,31.75332







19,58.08978
20,35.43468

21,32.70366







22,33.74804


























23,32.25794




24,45.25303




25,31.29704









































































































































































































26,34.86179

27,36.25771
28,104.3186

29,49.1553
30,47.67129
31,45.62165
32,41.30624
33,60.38813



34,55.6328

















































































































































































































































































































35,84.79137

36,35.27386
37,38.28598
38,40.22665

39,81.133

40,61.27027


































































































































41,36.52483




42,45.74136




43,113.4655
44,46.89447
45,52.99124
46,56.17675
47,53.59126
48,93.42446

49,37.50129




50,33.46052



































































































































































































































































51,31.12281




52,30.54656
53,30.12448





54,127.4119










55,30.22378










56,86.21902
57,39.14314
58,47.63587
59,85.09104































































































































































































































































































60,35.89586
61,36.42424










62,40.59317





















































































































































































































































































































































































































































































































































































































































































































































































































































































































































































































































































































































































































































































































































































































































































































































































































































































































































































































































































































































































































































































































































































































































































































































































































































































































































































































































































































































































































































































































































































































































































































































































































































































































































































































































































































































































































































































































































































































































































































































































































































































































































































































































































































































































































































































































































































































































































































































































































































































































































































































































































































































































































































































































































































































































































































































































































































































































































































































































































































































































































































































































































































































































































































































































































































































































































































































































































































































































































































































































































































































































































































































































































































































































































































































































































































































































































































































































































































































































































































































































































































































































































































































































































































































































































































































































































































































































































































































































































































































































































































































































































































































































































































































































































































































































































































































































































































































































































































































































































































































































































































































































































































































































































































































































































































































































































































































































































































































































































































































































































































































































































































































































































































































































































































































































































































































































































































































































































































































































































































































































































































































































































































































































































































































































































































































































































































































































































































































































































































































































































































































































































































































































































































































































































































































































































































































































































































































































































































































































































































































































































































































































































































































































































































































































































































































































































































































































































































































































































































































































































































































































































































































































































































































































































































































































































































































































































































































































































































































































































































































































































































































































































































































































































































































































































































































































































































































































































































































































































































































































































































































































































































































































































































































































































































































































































































































































































































































































































































































































































































































































































































































































































































































































































































































































































































































































































































































































































































































































































































































































































































































































































































































































































































































































































































































































































































































































































































































































































































































































































































































































































































































































































































































































































































































































































































































































































































































































































































































































































































































































































































































































































































































































































































































































































































































































































































































































































































































































































































































































































































































































































































































































































































































































































































































































































































































































































































































































































































































































































































































































































































































































































































































































































































































































































































































































































































































































































































































































ID,Value
0,282.5578



































































































































































































































































































































1,35.07709




2,50.73135







3,42.9778






4,33.50187



5,31.87802




























































6,36.92665




7,48.37326




8,71.86831
9,275.5025
10,329.3169
11,379.3908
12,316.5718
13,379.2124
14,232.5585
15,335.0045


























































































































































































































































































































































































































































































































































































































































































































16,31.23499




17,51.14328

18,58.99777
19,32.54366

20,34.23837


21,142.0829
22,336.9217
23,267.9668
24,372.4487
25,200.1064
26,379.3708
27,311.6093
28,355.0677
29,309.9137
30,365.9762
31,123.1721
32,118.7547
33,101.4061
34,267.329
35,304.2
36,123.3205
37,84.07817
38,140.1777
39,134.0064
40,172.0935
41,134.6245
42,299.4853
















































































































































































































































































































































































































































































































































































































































































































































































































































































































































































































































































































































































































































































































































































































































































































































































































































































































































































































































































































































































































































































































































































































































































































































































































































































































































































































































































































































































































































































































































































































































































































































































































































































































































































































































































































































































































































































































































































































ID,Value
0,268.6244
1,32.30363

































2,30.49053
3,34.74076



























4,42.09037
5,30.17106





6,36.91475

7,90.73316
8,96.85542
9,78.68905




































10,43.12392














































































































































































































































































































































































































11,371.3523
















































































































































































































































12,64.07982

13,96.95937
14,136.2498
15,293.6188
16,260.0023




























17,32.18528





18,75.9252
19,304.0633
20,361.8251
21,280.1745
22,352.1467
23,355.8097
24,42.29643








































































































































































25,80.47958
26,342.8647
27,374.4452
28,364.7368
29,140.6257
30,55.2553

31,68.88967
32,36.80856


33,109.1284
34,217.9902
35,365.2507
36,348.4784
37,199.7101
38,327.6225
39,40.26684





































































































































































































































































40,30.73199





41,74.80626
42,379.0822
43,378.5393
44,214.8534
45,46.22397









































































































































































46,74.01327
47,375.3979
48,61.69524




































































































































49,36.50477
50,44.72344

51,110.2041
52,369.3879




























































53,40.18394



54,55.78059


55,100.1585
56,222.4326
57,378.7936
58,345.3387
59,320.7351
60,279.0535
61,354.8368
62,331.1813
63,107.5011
64,299.6573
65,137.618
66,123.4938
67,31.00031








68,36.17292































69,30.26743



70,34.85984

71,37.94562




72,74.18806
73,241.3857
74,321.6887
75,224.7991
76,97.21976
77,206.0542
78,141.7866








































































































































































































































































































































































































































































































































































































































































































































































































































































































































































































































































































































































































































































































































































































































































































































































































































































































































































































































































































































































































































































































































































































































































79,240.9749











































ID,Value
0,172.7783



































































































































































































































1,39.16834

2,47.55653


3,54.39412

4,45.93425



5,49.58187











































































































































































































6,36.9174

7,41.34921


8,58.549


9,31.39758



10,43.57779




11,97.4054
12,73.78583
13,158.8353
14,276.3314
15,36.94817




































































































































































































































































































16,31.35677

17,35.38621




18,61.98072


19,60.4031













































































































20,40.44974






21,129.1952
22,202.7409
23,76.12683
24,135.9552
25,46.99287


































































































































































































































































































































































































































































































































































































































































































































































ID,Value
0,271.6297

























































































































































1,205.0996





















































































































































2,60.61565

3,60.4962
4,41.41799
5,50.76593

6,57.80476

7,191.7442
8,72.72381

9,66.0545
10,80.55251



11,57.53506






























12,36.92849



13,35.59936



14,60.3592

15,40.23023
16,103.8465
17,61.66265

18,60.69717

19,103.8801






















20,55.23681


21,32.88655

22,37.18311
23,88.81774


24,102.6376
25,57.37668
26,104.9482
27,35.47156



28,33.77107




29,45.02291




30,55.87764

31,32.99689
32,79.51945

33,45.99371

34,122.9813








35,30.44812



36,31.33959




37,45.36433
38,31.04338

39,33.89676

40,73.60322


41,104.618
42,32.23625
43,43.53933




44,38.31084
45,30.60274

46,35.88163
47,40.18162

48,110.7634



49,47.82874

50,47.49492


51,50.13831




52,34.8583









53,60.13437



54,32.5413
55,33.1345
56,35.98983

57,69.69668
58,33.09301
59,47.34454




























































































































































































































































































































































































































































































60,41.4318























61,36.89045



62,31.14207



























































63,65.09282
64,101.7467
65,55.52617
66,56.60142
67,50.10325
68,36.7062


69,44.60806










70,38.15126




71,75.03617






























72,64.33312
73,43.77096
74,51.56596

75,54.08493
76,93.71835










77,49.45715







78,93.50043















79,45.63103


80,30.48237
81,33.78536
82,73.36597

83,37.68018
84,36.66097
85,33.60631







86,38.99252



87,30.57287


88,85.77834







89,33.96103







90,33.53902
91,49.07245


92,61.65009
93,31.26443


94,79.99926







95,48.43977



96,30.19987



97,61.49581






























































98,48.2377







































































99,32.14074



































































































































































































































































































































































































































































































































































































































































































































































































































































































































































































































































































































































































































































































































































































































































































































































































































































100,49.84605













































































































































































101,36.33978








102,61.63709












103,63.20561

104,47.51619




105,36.96976


106,72.64709
107,75.7009

108,34.20959

109,41.98012



110,45.66458
111,64.18488

112,58.39539



113,68.14674

114,32.99067

115,54.7413
116,34.61302


















117,42.35103

118,32.4922




119,41.51498


120,53.02291
121,52.14142

122,39.24777
























































































123,42.41331


124,47.5086










































125,30.7502



126,34.71142




127,44.47736



128,45.21803

129,38.29113










130,33.7221
131,30.45296









132,51.25154







133,39.1204

134,48.13224


135,35.48946





136,41.32044

137,48.49971
138,45.60846


139,35.19822





140,34.0266


141,39.50337








142,35.9123

143,30.97721




















































































































































































































































































































































































































































































144,30.93072


145,42.32371


146,62.35735


147,32.65366
























































148,39.43422
149,49.36102

150,54.45612


151,48.89584


152,60.264




























































































































































































































































































































































































































































































































































































































































































































































































































































































































153,35.71735




154,39.94566


155,40.51923
156,34.75539







157,30.79763
















































































































































































































































































































































































































































































































































































































































































158,64.20995

159,75.25441

160,30.46737
161,35.32182




















162,50.38047

163,50.67138
































164,40.59015

165,38.04133
















































































166,37.32063


167,36.06777








































































































































































































































































































































































































































































































































































































































































































































































































































































































































































































































































































168,30.58194











































































































































































































































































































































































































































































































































































































































































































































































































































































































































































































































































































































































































































































































































































169,35.34146

170,49.11979


171,61.06461






































































































































































































































































































































172,30.2319



































































































































































































































































































173,36.43267


174,30.0096












































































































































































































175,32.50589










































176,30.67583

























































































































































































































































































































































































































































































































































































































































































































































































177,37.26068

178,42.94382

179,40.17233

180,33.07071




































































































































































































181,370.6231

































ID,Value








































































































































































































ID,Value
0,280.143
















































































































1,359.3519






























































































































































































































































































































































































































































































































































































































ID,Value
0,293.9611







































































ID,Value
0,371.7226





















































1,375.6079


































































































2,30.11116
















3,32.17027





















































4,34.45855






5,32.77265









































































6,37.37096



7,39.84281
8,57.70106

9,63.50448


10,52.02503

























































































































11,32.56325


12,66.50591


13,61.71647

14,59.86898



15,30.89845








16,30.48059

17,31.5578


18,34.9482


19,68.20197

20,51.8917

21,39.60458



















22,30.38378


23,39.6778

24,41.66265

25,39.01283


26,32.44175










27,32.66998



28,34.67944

29,42.32622
30,47.14897

31,41.32963

















32,37.05099

33,42.79415

34,43.34929



35,33.63496

















36,31.47784














































37,30.8616



38,66.16621
39,58.13972

40,50.57504

41,38.92481





































































42,35.11342





43,41.36084

44,87.49535

45,36.29236
46,68.13412

47,54.47226



48,44.1951





















49,30.33567

50,56.45226

51,43.41624


52,48.0635


53,51.85004
54,53.01095



55,57.63836
56,48.1896


57,40.71313

58,37.67363































59,36.24002

60,45.00165


61,52.441


62,87.00375


63,48.49976



















64,35.56682

65,60.67131



66,44.9304


67,47.33445


68,67.9595


69,47.44975


70,57.15833


71,80.27027


72,36.72973




















73,30.72607



74,69.64145

75,62.32746
76,36.08381

77,60.98108


78,44.53674
















79,57.85931

80,51.14397


81,46.50257


82,71.72906
83,33.49668






















84,33.37586


85,31.3585

86,37.39162



87,43.65519

88,41.88842
89,31.0719



















90,30.18505

91,44.40237

92,53.65353


93,56.46521

94,48.44862


95,42.39791

































96,30.95035

97,36.09792

98,41.94242



99,36.7216















100,47.63367

101,51.73901



102,85.43475

103,38.83741














104,50.19707


105,36.46814


106,33.62748


107,39.73258








































































































































































































































































































































































































































































































































































































































































































































































































































108,31.47197













109,31.10867



110,64.35233
111,43.51418









112,30.15974



113,41.687
























































































































































































































ID,Value























































































































































































































































































































ID,Value
0,363.3354






















































































1,352.3655














































































































2,39.68314



3,88.43778
4,73.24097

5,39.29457

6,78.59813



7,116.8375









8,31.31288












































































































































































































































































































































































































































































































































































































































































































































































































































































































































9,42.68401

10,47.97185



11,47.51589































































































































12,49.45835








13,42.09695

















14,212.3491



























































































































































15,61.43806




16,63.35523
17,33.98989

18,72.91394
19,38.46733
20,86.24118
21,46.66816
22,46.7868


23,134.4655



24,136.7509








25,53.55825

26,31.94985



27,45.73987







































28,47.54232
29,35.77317


30,36.21645

31,36.0097


32,54.48087

33,50.8505





































34,47.94843

















































































































35,68.52998



36,81.26505



37,48.88903









38,34.24574




















































































































































































39,42.9665


40,56.85936





41,37.96227



42,53.52601



43,44.6299








44,38.22479


45,45.46747





46,53.21608






47,35.05976










48,30.02736

49,169.8746


50,151.0714
51,66.92857





52,33.25771































































































































































53,31.46728
















































































































































































































































































































































































































































































































































































































































































ID,Value
0,342.4602


























































































































1,31.84533

2,31.97817











































































































3,41.58442





































































4,55.06046


5,47.32695
















6,197.0652



7,53.25232


8,30.12261






























































9,30.76373



10,32.45967
11,32.85432




12,31.66709

























13,31.39894



14,47.7341

























































































15,38.32288


































16,50.12408




17,46.6115













18,41.37489
19,51.55258




20,50.96731









21,46.67171


22,30.50173

23,61.57338
24,53.46128








25,36.43085






26,50.49701


27,37.44632

















































































































































































ID,Value
0,344.7











































































































































































































































































































































































































































































































































































1,40.51459



















































































































ID,Value
0,267.8737



















1,59.29966

2,38.43204
3,90.29166
4,46.1128

5,36.48684





6,35.68935























7,37.56392


8,45.25678


9,45.12463










10,43.29426









11,37.47955




12,35.19544
13,39.66033



14,34.10799











15,35.95532













16,38.56881


17,30.6562
18,34.41913
19,38.29473


20,123.897

21,123.1784

22,33.74034


















23,30.37939

24,57.76274

25,45.89755



26,78.17496
27,40.28082



28,51.90953








































29,84.69993

30,39.5178
31,44.83488
32,43.26073


33,69.30344






















34,42.65393








35,97.76813
































36,34.21783







37,40.95824


38,41.74078



39,34.36146































40,51.93977

41,30.0288
42,33.60651






































43,35.86934























































44,60.45795
45,49.69497
46,64.13549

47,112.5338
48,30.12815

49,36.30709






















































































































































































































































































































































































































































50,38.35568










51,32.92569

















































































































































52,32.84306








































































































53,36.5314
























54,30.44366





























55,49.5475




56,37.32737




57,47.22918
































































58,37.97538









































































































































































































































































































































































































































































































59,30.09365







60,65.22215

























61,34.04167





62,30.06754












































63,36.29209








64,46.84848









65,36.80569









66,32.79044










































67,31.83102

















68,31.50821





69,36.95948






70,43.94508

71,48.37454






72,40.76846











73,31.32663



74,32.87387

75,35.82584



76,34.98076




























































































































































